timestamp,operation,x,y,result
2025-03-10 23:56:59.039148,+,7.0,6.0,13.0
2025-03-10 23:57:12.542994,/,8.0,9.0,0.8888888888888888
2025-03-10 23:58:07.269807,+,2.0,3.0,5.0
2025-03-10 23:58:07.269807,-,5.0,3.0,2.0
2025-03-10 23:58:07.276779,*,2.0,3.0,6.0
2025-03-10 23:58:07.278787,/,6.0,2.0,3.0
2025-03-10 23:58:21.143344,+,2.0,3.0,5.0
2025-03-10 23:58:21.156906,-,5.0,3.0,2.0
2025-03-10 23:58:21.161965,*,2.0,3.0,6.0
2025-03-10 23:58:21.173888,/,6.0,2.0,3.0
2025-03-11 00:09:31.324188,+,2.0,3.0,5.0
2025-03-11 00:09:31.335192,-,5.0,3.0,2.0
2025-03-11 00:09:31.341198,*,2.0,3.0,6.0
2025-03-11 00:09:31.344950,/,6.0,2.0,3.0
2025-03-11 23:43:11.702340,+,9.0,8.0,17.0
2025-03-11 23:43:28.166577,-,9.0,6.0,3.0
